id,name
1014530988268,nco098
1016636468839,nco075
1087271154105,nco047
1094285468096,nco099
1106847755527,nco117
1108572289000,nco168
1125968731646,nco146
1160161463064,nco003
1203439121456,nco185
1306097522533,nco110
1317706395340,nco178
1337875572166,nco101
1353874696669,nco012
1401316919828,nco096
1432949557623,nco025
1571751447100,nco004
1579911714409,nco090
1637047331251,nco112
1656314940406,nco144
1671374540212,nco175
1700604212521,nco191
1737180942647,nco058
1745404235318,nco076
1827460201956,nco156
1852293864087,nco186
1872206000329,nco020
1884900096687,nco074
1953901049283,nco068
1956864731901,nco153
1997179602759,nco067
2099694267057,nco177
2142652135253,nco066
2248340686935,nco157
2363924156509,nco017
2414935773296,nco165
2423776475977,nco077
2445164141001,nco097
2535152206121,nco130
2593448098089,nco036
2599955338635,nco134
2609624604241,nco037
2694461130359,nco195
2707519790760,nco176
2764187549075,nco013
2846150917982,nco006
2874668560376,nco200
2904606195677,nco116
2970341991103,nco137
3087590363344,nco009
3107196014686,nco086
3127364903819,nco181
3139512334168,nco056
3165041417463,nco029
3281744106738,nco014
3288266269834,nco166
3308188917947,nco038
3317179184470,nco045
3370142967623,nco198
3440663725200,nco131
3521828846412,nco143
3552467268767,nco164
3635014158508,nco145
3642636523896,nco133
3644384604905,nco027
3672795869758,nco039
3765535104999,nco119
3827427126898,nco087
3837531163589,nco150
3854706610808,nco079
3874430836119,nco199
3892134178232,nco123
3894297938836,nco053
3899926410805,nco041
3910337433537,nco092
3910782277869,nco002
3959080210616,nco005
4023765136401,nco109
4033527604088,nco023
4075235305640,nco064
4223317210796,nco159
4309805204204,nco095
4346935438693,nco069
4508122308383,nco141
4518404316490,nco051
4594832312103,nco063
4625605292467,nco196
4682314704042,nco136
4737076358593,nco024
4745007341926,nco172
4751579176669,nco155
4807904929965,nco111
4814984245918,nco105
4835381591335,nco182
4932993813908,nco054
4965902516146,nco114
5124327895685,nco007
5223479264308,nco167
5298696590592,nco008
5318104786937,nco078
5323652545004,nco161
5347594489695,nco138
5401512042859,nco043
5422194734644,nco011
5447126524365,nco106
5482785436170,nco021
5575202788910,nco189
5651032700933,nco022
5734647542099,nco057
5741222138071,nco052
5746446672513,nco048
5916211329286,nco102
5951773435848,nco065
6034520886910,nco034
6106441076195,nco127
6146992943775,nco100
6207076455160,nco059
6357350087747,nco139
6391359091379,nco121
6433718761261,nco031
6465972466675,nco171
6633375218391,nco183
6676843354400,nco030
6738218198767,nco151
6797813893728,nco016
6809409347691,nco162
6936742518270,nco073
6955580528629,nco118
7045660951931,nco163
7046776096312,nco085
7130749509976,nco128
7181919477733,nco081
7290208585794,nco160
7301134151090,nco170
7352210337540,nco197
7359077816252,nco093
7362119057113,nco142
7371134747458,nco107
7395470488080,nco010
7416791497291,nco113
7473738616139,nco072
7526351528122,nco194
7535097169765,nco044
7537965319753,nco126
7538121989443,nco158
7551219304941,nco148
7564748670530,nco015
7564807790556,nco188
7599761564339,nco083
7650543437738,nco154
7666941761949,nco152
7726055978384,nco046
7827360650551,nco042
7831970500820,nco080
7912439883539,nco124
7939194179172,nco082
7986925784557,nco001
8010392231218,nco088
8084574405865,nco019
8104100423475,nco033
8153794786371,nco192
8203236085883,nco028
8209610493758,nco135
8214700163450,nco193
8231710854441,nco173
8239888627609,nco140
8310933822475,nco104
8337121408451,nco032
8357862927780,nco125
8432221897450,nco018
8484195841983,nco094
8528205662796,nco179
8565675454166,nco040
8578318170412,nco149
8807582383370,nco190
8862488847194,nco070
8899291697544,nco122
8956152210149,nco184
9007756364367,nco071
9013695978282,nco169
9110443675632,nco187
9168766167242,nco035
9174562566512,nco120
9196036766539,nco062
9209175032421,nco108
9251931760804,nco147
9396277104594,nco061
9423031666674,nco091
9428420203122,nco084
9434369305012,nco115
9477714171699,nco180
9549438363905,nco129
9637298629067,nco132
9643306452634,nco050
9659154844904,nco089
9681580726042,nco103
9697696747444,nco055
9751905217645,nco049
9915140088018,nco174
9927522727375,nco026
9976917576141,nco060
